Château / Entreprise,Email
Domaine Eric Sage,Not Found
Domaine L'Orée du Sabia,Not Found
Vignobles Mercier,contact@mercier-vins.com
Domaine Coirier,contact@domainecoirier.fr
Domaine de la Barbinière,Not Found
Domaine Georges Vernay,Not Found
Domaine Jean-Michel Gerin,Not Found
Domaine Guigal,contact@guigal.com
Domaine Pierre Gaillard,Not Found
Domaine Bernard Gripa,Not Found
Domaine Alain Graillot,contact@domainegraillot.com
Domaine Alain Voge,contact@alain-voge.com
Domaine Auguste Clape,Not Found
Domaine Courbis,Not Found
Domaine François Villard,Not Found
Domaine Delas Frères,contact@sodivin.com
Domaine Chapoutier,contact@sodivin.com
Domaine Paul Jaboulet Aîné,Not Found
Domaine Jean-Louis Chave,shiverick@shiverick.com
Domaine Ferraton Père & Fils,Not Found
Domaine Gonon,Not Found
Domaine du Tunnel,domaine-du-tunnel@wanadoo.fr
Domaine Colombo,colombo@vinscolombo.fr
Domaine du Coulet,Not Found
Domaine Coursodon,domaine@coursodon.fr
Domaine Belle,Not Found
Domaine Monier-Perréol,Not Found
Domaine Emmanuel Darnaud,Not Found
Domaine François Merlin,Not Found
Domaine Vincent Paris,Not Found
Domaine Faury,Not Found
Domaine Bernard Faurie,Not Found
Domaine François-Xavier Nicolas,Not Found
Domaine Richard,contact@domainerichardrottiers.com
Domaine Laurent Combier,Not Found
Domaine François Dumas,contact@pcvt.fr
Domaine Pierre Gonon,Not Found
Domaine Gilles Robin,Not Found
Domaine Duclaux,contact@coterotie-duclaux.com
Domaine Leccia,Not Found
Domaine Antoine Arena,Not Found
Clos Santini,domaine.francksantini@gmail.com
Clos Teddi,Not Found
Domaine Gentile,montalvin@montalvin.com
Domaine Orenga de Gaffory,Not Found
Domaine Giudicelli,Not Found
Domaine Devichi,Not Found
Domaine Poli,Not Found
Domaine Yves Leccia,order@thevintageclub.sg
Domaine Lazzarini,contact@domainelazzarini.com
Clos de Bernardi,Not Found
Domaine Montemagni,Not Found
Clos Alivu,clos.alivu@orange.fr
Clos Venturi,Not Found
Clos Marfisi,Not Found
Domaine Comte Abbatucci,contact@domaine-abbatucci.com
Clos Capitoro,Not Found
Domaine Peraldi,jane.doe@domaineperaldi.com
Clos d’Alzeto,contact@closdalzeto.com
Domaine Vaccelli,Not Found
Domaine Mosconi,Not Found
Clos Ornasca,shiverick@shiverick.com
Domaine A Peraccia,costa.laurent@sfr.fr
Domaine Pietrella,Not Found
Domaine Sant Armettu,Not Found
Domaine Granajolo,Not Found
Domaine Zuria,Not Found
Clos Canarelli,Not Found
Domaine de Tanella,contact@domaine-tanella.com
Domaine de Torraccia,torracciaoriu@wanadoo.fr
Domaine de San Gavino,Not Found
Domaine Peretti della Rocca,Not Found
Domaine Vecchio,service@linkeo.com
Clos Paoli,Not Found
Domaine Saparale,contact@saparale.com
Domaine San Micheli,contact@sanmicheli.com
Domaine Fiumicicoli,contact@fiumicicoli.corsica
Clos Fornelli,Not Found
Domaine Pero Longo,contact@perolongo.com
Domaine Renucci,contact@domaine-renucci.com
Clos Culombu,contact.culombu@gmail.com
Domaine Alzipratu,Not Found
Clos Landry,marcpaolini@gmail.com
Domaine Maestracci,Not Found
Domaine Castellu di Baricci,Not Found
Clos Poggiale,boutique@terra-vecchia.fr
Domaine Clos Venturi,Not Found
Clos Signadore,contact@signadore.com
Domaine Uvalone,francis@maitredechai.ca
Domaine de Pratavone,Not Found
Domaine Fior di Lecci,scea-du-domaine-fior-di-lecci@orange.fr
Domaine Vico,boutique@domainevico.com
Domaine de Mavella,Not Found
Domaine Terra di Catoni,Not Found
Domaine U Stiliccionu,Not Found
Domaine Pieretti,Not Found
Clos Nicrosi,Not Found
Domaine Casabianca,Not Found
Domaine Casanova,Not Found
Clos San Quilico,Not Found
Domaine de Musoleu,Not Found
Domaine Boccheciampe,Not Found
Domaine Revelette,Not Found
Domaine Schoffit,Not Found
Domaine Kamm & Fils,contact@maitredechai.ca
Domaine Albert Seltz,info@albert-seltz.fr
Domaine Emile Beyer,info@emile-beyer.fr
Domaine Ginglinger-Fix,hello@viniou.co.uk
Domaine Stoeffler,Not Found
Domaine Sylvie Spielmann,contact@sylviespielmann.com
Domaine Fernand Engel,info@fernand-engel.fr
Domaine Charles Frey,contact@charles-frey.fr
Domaine Binner,Not Found
Domaine Hubert Metz,Not Found
Domaine Léon Heitzmann,contact@domaine-heitzmann.com
Domaine Gérard Neumeyer,contact@gerardneumeyer.fr
Domaine Seppi Landmann,contact@chateau.com
Domaine Laurent Bannwarth,Not Found
Domaine Antoine Lienhardt,Not Found
Domaine Yves Amberg,Not Found
Domaine Schoenheitz,caveau@vins-schoenheitz.fr
Domaine Lucien Albrecht,prince@princeofpinot.com
Domaine Fuchs et Fils,contact@henryfuchs.fr
Domaine Paul Ginglinger,Not Found
Domaine Ernest Burn,Not Found
Domaine Lucien Jacob,Not Found
Domaine J.P. Scharsch,Not Found
Domaine Müller-Koeberlé,jubsyking@gmail.com
Domaine Bruno Clair,domaine@brunoclair.com
Domaine Joseph Roty,Not Found
Domaine Charles Audoin,contact@domaine-audoin.fr
Domaine Sylvain Pataille,domaine.sylvain.pataille@wanadoo.fr
Domaine Collette,silver_spirit_iv@yahoo.fr
Domaine Huguenot,Not Found
Domaine Jean Fournier,domaine.jean.fournier@orange.fr
Domaine Coillot,Not Found
Domaine Régis Bouvier,info@kermitlynch.com
Domaine Joliet,contact@domainejoliet.fr
Domaine Guy & Yvan Dufouleur,contact@domaineguyetyvandufouleur.fr
Domaine du Clos Saint-Louis,Not Found
Domaine Philippe Naddef,domaine.phil.naddef@wanadoo.fr
Domaine Pierre Naigeon,Not Found
Domaine Dugat-Py,Not Found
Domaine Duroché,contact@domaine-duroche.com
Domaine Claude Dugat,Not Found
Domaine Jean-Marie Fourrier,events@winelens.com
Domaine Pierre Damoy,Not Found
Domaine Trapet Père et Fils,Not Found
Domaine Rossignol-Trapet,info@rossignol-trapet.com
Domaine Harmand-Geoffroy,Not Found
Domaine Marc Roy,Not Found
Domaine Denis Bachelet,Not Found
Domaine Humbert Frères,Not Found
Domaine Sylvie Esmonin,Not Found
Domaine Philippe Charlopin,Not Found
Domaine Henri Rebourseau,domaine@rebourseau.com
Domaine René Leclerc,Not Found
Domaine Christian Serafin,contact@pgvf.fr
Domaine Geantet-Pansiot,Not Found
Domaine Dujac,contact@dujac.com
Domaine des Lambrays,Not Found
Domaine Hubert Lignier,Not Found
Domaine Michel Magnien,Not Found
Domaine Perrot-Minot,Not Found
Domaine Lignier-Michelot,Not Found
Domaine Georges Lignier,Not Found
Domaine Taupenot-Merme,Not Found
Domaine Stéphane Magnien,Not Found
Domaine Pierre Amiot et Fils,Not Found
Domaine des Monts Luisants,Not Found
Domaine Charlopin-Parizot,Not Found
Domaine Dujardin,Not Found
Domaine Clos des Lambrays,Not Found
Domaine Comte Georges de Vogüé,Not Found
Domaine Ghislaine Barthod,Not Found
Domaine Jacques-Frédéric Mugnier,info@mugnier.fr
Domaine Amiot-Servelle,Not Found
Domaine Anne et Hervé Sigaut,Not Found
Domaine Hudelot-Noëllat,contact@domaine-hudelot-noellat.com
Domaine Georges Roumier,Not Found
Domaine Christophe Roumier,Not Found
Domaine Bertheau,Not Found
Domaine Christian Clerget,Not Found
Domaine Digioia-Royer,micheldigioia@wanadoo.fr
Domaine Joseph Drouhin,Not Found
Domaine Laurent Roumier,Not Found
Domaine Méo-Camuzet,Not Found
Domaine Mugneret-Gibourg,Not Found
Domaine Robert Groffier,Not Found
Domaine d’Eugénie,Not Found
Domaine Château de la Tour,Not Found
Domaine René Engel,Not Found
Domaine Anne Gros,Not Found
Domaine Gros Frère et Sœur,Not Found
Domaine Jean Grivot,Not Found
Domaine Louis Jadot,Not Found
Domaine Mongeard-Mugneret,domaine@mongeard.com
Domaine Thibault Liger-Belair,Not Found
Domaine Vougeraie,Not Found
Domaine de la Romanée-Conti,contact@worldgrandscrus.com
Domaine Emmanuel Rouget,distribution@domaine-rouget.com
Domaine Georges Noëllat,Not Found
Domaine Sylvain Cathiard,jack@robertrolls.com
Domaine Michel Gros,Not Found
Domaine François Lamarche,Not Found
Domaine A.F. Gros,contact@af-gros.com
Domaine Robert Arnoux,Not Found
Domaine Jean-Marc Millot,Not Found
Domaine Henri Gouges,domaine@gouges.com
Domaine de l’Arlot,contact@arlot.fr
Domaine Chevillon-Chezeaux,Not Found
Domaine Robert Chevillon,detb@domainerobertchevillon.fr
Domaine de Montille,contact@demontille.com
Domaine Patrice Rion,contact@patricerion.com
Domaine Jean-Jacques Confuron,Not Found
Domaine Chicotot,chicotot@aol.com
Domaine Tollot-Beaut,Not Found
Domaine Chantal Lescure,contact@domainelescure.fr
Domaine de l'Hortus,contact@domaine-hortus.fr
Château de Lascaux,Not Found
Mas Bruguière,xavier.bruguiere@wanadoo.fr
Château La Roque,jane.doe@chateau-laroque.fr
Domaine Clavel,clavel@domaineclavel.com
Domaine de Mortiès,contact@morties.com
Domaine de Cazeneuve,direction@auberge-du-cedre.com
Mas de la Séranne,venture@mas-seranne.com
Domaine Saint Daumary,Not Found
Clos Marie,Not Found
Domaine de l'Aiguelière,Not Found
Château Puech-Haut,john.doe@puech-haut.com
Domaine Haut-Lirou,Not Found
Mas Gourdou,contact@masgourdou.com
Château de Montferrand,Not Found
Domaine Les Grandes Costes,Not Found
Domaine Foulaquier,Not Found
Domaine Saint André de Figuière,Not Found
Mas d'Agalis,Not Found
Domaine des Conquêtes,Not Found
Mas des Chimères,contact@masdeschimeres.com
Domaine de Saumarez,desaumarez@yahoo.fr
Domaine de l'Oustal Blanc,loustalblanc@gmail.com
Domaine de Fons Sanatis,Not Found
Domaine du Mas de Rey,contact@domaine-masderey.com
Domaine de Cassagnau,jacques.abet@wanadoo.fr
Domaine des Carabiniers,contact@biodynamicwine.bio
Mas d'Agamas,c.visseq@sfr.fr
Mas de la Plaine Haute,contact@plaine-haute.com
Château La Devèze,certificatbe@infogreffe-siege.fr
Domaine des Terres Dorées,csm@zannier.com
Domaine Ruet,contact@ruet-beaujolais.fr
Château de Nervers,last@chateaudenervers.fr
Domaine Dubost,Not Found
Château de Pierreux,Not Found
Domaine des Combiers,cabriniwines@gmail.com
Domaine Gérard Brisson,Not Found
Domaine de la Plaigne,contact@domainedelaplaigne.com
Domaine de Bel-Air,Not Found
Domaine Baron de l'Ecluse,baron.delecluse2@orange.fr
Domaine Saint-Cyr,email@beaujolais-saintcyr.com
Domaine Bulliat,customerservice@planetwineus.com
Domaine de Colette,Not Found
Domaine Nicolas Boudeau,Not Found
Domaine de la Voûte des Crozes,Not Found
Domaine de Roche Guillon,fleurieroche-guillon.coperet@wanadoo.fr
Domaine Cheysson,domainecheysson@orange.fr
Château de la Terrière,Not Found
Domaine les Roches Bleue,Not Found
Domaine des Frères Perroud,Not Found
Domaine Paul Janin et Fils,contact@domaine-paul-janin.fr
Domaine de La Poyebade,marc.duvernay@orange.fr
Domaine Coperet,contact@lagammebeaujolaise.com
Domaine du Vissoux,info@leonandsonwine.com
Domaine de Briante,contact@domainedebriante.fr
Domaine Crêt des Garanches,Not Found
Domaine Jean-Marc Burgaud,Not Found
Domaine de la Combe au Loup,david.meziat@meziat.com
Domaine des Pins,Not Found
Domaine de la Grand'Cour,Not Found
Domaine Champier,contact@chais-saint-laurent.com
Domaine La Bastide Blanche,plcbaccessibility@pa.gov
Château Pradeaux ,Not Found
Domaine Ott,contact@domaines-ott.com
Domaine Gros'Noré,domaine@gros-nore.com
Domaine de la Bégude,Not Found
Domaine Ray-Jane,domaine@ray-jane.fr
Domaine Bunan - Moulin des Costes,Not Found
Château Vannières,Not Found
Domaine de la Tour du Bon,Not Found
Domaine Souviou,Not Found
Château Sainte Anne,info@chateau-sainte-anne.be
Domaine de Frégate,accueil@domainedefregate.com
Domaine La Suffrène,commercial@suffrene.fr
Domaine Lafran-Veyrolles,Not Found
Domaine Dupuy de Lôme,Not Found
Domaine de la Garenne,contact@domaine-garenne.com
Domaine de la Font des Pères,Not Found
Domaine de Cagueloup,contact@vinsdebandol.com
Domaine de l'Olivette,contact@domaine-olivette.com
Domaine Le Galantin,Not Found
Château de la Noblesse,Not Found
Domaine Saint Louis,oeufs@domaine-saint-louis.fr
Domaine des Baguiers,cwliquors@yahoo.com
Domaine Maubernard,info@maubernard.com
Domaine de L'Estagnol,Not Found
Domaine Les Luquettes,Not Found
Domaine de la Vivonne,Not Found
Domaine de la Baratonne,Not Found
Domaine Sainte Marie des Crozes,Not Found
Domaine de la Roche Buissière,Not Found
Domaine du Clos Naudin – Foreau,Not Found
Domaine François et Julien Pinon,Not Found
Domaine Vincent Carême,Not Found
Domaine Le Capitaine,contact@domainelecapitaine.com
Domaine Marc Brédif,Not Found
Domaine du Viking,service@linkeo.com
Domaine de la Rouletière,Not Found
Domaine de la Croix des Vainqueurs,Not Found
Domaine de la Grand Taille,Not Found
Domaine Allias,domaine-allias@outlook.fr
Domaine Christophe Gaudron,Not Found
Domaine des Bergeons,contact@lesbergeons.fr
Domaine des Cormiers Roux,Not Found
Domaine Freslier,fresliervouvray@sfr.fr
Domaine Maison Darragon,vigneronavouvray@maisondarragon.fr
Domaine Maison Peltier,contact@maisonpeltier.fr
Domaine Morvan,morvan.vinsdevouvray@hotmail.com
Domaine Pierre Champion,Not Found
Domaine Vigneau-Chevreau,Not Found
Domaine Yvon et Pascal Tabordet,contact@domaine-tabordet.fr
Domaine de la Fontainerie,Not Found
Domaine de la Poultière,Not Found
Domaine de la Roche Moreau,Not Found
Domaine de la Tuffière,vignobletuffiere@gmail.com
Domaine de la Vallée Coquette,francis@maitredechai.ca
Domaine de la Vinçonnière,Not Found
Domaine de la Voûte,Not Found
Domaine de l'Épinay,Not Found
Domaine de l'Hermitage,romain.brebant@domaine-hermitage.re
Domaine Philippe Brisebarre,philippe@brisebarre.fr
Domaine des Aubuisières,wine@esquin.com
Domaine du Margalleau,contact@domaine-du-margalleau.fr
Domaine Pichot,contact@domaine-pichot.com
Domaine de l'Aumônerie,nom@domaine.fr
Domaine de la Durandière,Not Found
Domaine de la Perruche,Not Found
Domaine du Petit Val,goizil@domainedupetitval.com
Domaine de la Noblaie,contact@lanoblaie.fr
Domaine Voarick,Not Found
Château des Matards-Domaine de la Margotterie,Not Found
Château les Bertrands,Not Found
Château Mondésir Gazin,Not Found
Château Icla,contact@chateau-icla.com
Château Vieux Mougnac,contact@vieuxmougnac.com
Château Brethous,chateaubrethous@gmail.com
Château des Cèdres,Not Found
Château la Bertrande,marketing@synap-tic.fr
Château Bellevue,reception@chateaubellevue.org
Vignobles Michel Bergey,contact@vignoblesbergey.com
Chateau Brulesécaille,Not Found
Chateau Martinat,Not Found
Château Lalande Labatut,Not Found
Château Tour de Calens - Château Saint-Ange,Not Found
Château Carbon d'Artigues et Château la Passonne,Not Found
Château de la Gravelière,Not Found
Château de Porte Pères,vignobles.ducau@wanadoo.fr
Château Pont de Brion,info@pontdebrion.com
Château Sirio,contact@chateausirio.com
Château Gûnes,chateauguges1785@gmail.com
Château Altimar - Château Haut Chatain,Not Found
Château Belles-Graves,x.piton@belles-graves.com
Château Bourseau,Not Found
Château Haut-Goujon,contact@chateauhautgoujon.fr
Domaine du Grand Ormeau,contact@jpgarde.wine
Château du Cros,Not Found
Château Haut Breton Larigaudière,Not Found
Château le Coteau,Not Found
Château Haut Mousseau - Château Pontac Gadet,contact@domaine-bellegarde.fr
Château l'Inclassable,Not Found
Château la Gorce,contact@bonum.com
Château Noaillac,Not Found
Château Dutruch Grand Poujeaux,contact@chateaudutruch.com
Domaine Jean-Christophe Coubris,Not Found
Château la Fon du Berger,Not Found
Château de France,Not Found
Château Lafargue Familles Leymarie et Peyrout,Not Found
Château les grands Sillons - Château Côtes de Bonde,contact@vignoblesdignac.com
Vignobles Garzaro,contact@vignoblesgarzaro.com
Vignobles Mouty Daniel,Not Found
Château Clarisse,contact@chateau-clarisse.com
Vignobles Poitou-Operie,Not Found
Vignobles Mallard,Not Found
Château Clos Saint Emilion Philippe,Not Found
Château Devillaire,Not Found
Château la Grace Fonrazade,Not Found
Château la Renomée Maine Reynaud,Not Found
Château Lagarde Bellevue - Chevalier des Anges,Not Found
Château les Gravières,contact@denis-barraud.com
Château Milon - Clos de la Cure,truffiereparis@hotmail.com
Château Moulin Bellegrave - Famille Mabileau,Not Found
Château Tour Grand Faure,contact@maitredechai.ca
Clos des Abbesses,Not Found
Clos Trimoulet,contact@clos-trimoulet.com
Vignobles Marcel Petit,jane.doe@vignobles-petit.com
Château de Come,Not Found
Château Haut Coteau,chateau.haut-coteau@wanadoo.fr
Château la Haye,Not Found
Château la Rose Brana,contact@rosebrana.com
Château la Bridane,Not Found
Château de Teste,Not Found
